BEMO000010,Always Late Printed T-Shirt,400,1799,1099,Shop Always Late Printed T-Shirt | Bargain.pk,always-late-printed-t-shirt,Always Late ,emoji,552
BEMO000011,It Is Everyday Bro Printed T-Shirt,400,1799,1099,Shop It Is Everyday Bro Printed T-Shirt | Bargain.pk,it-is-everyday-bro-printed-t-shirt,It Is Everyday Bro ,emoji,552
BEMO000012,Goals Printed T-Shirt,400,1799,1099,Shop Goals Printed T-Shirt | Bargain.pk,goals-printed-t-shirt,Goals ,emoji,552
BEMO000013,Like A Boss Printed T-Shirt,400,1799,1099,Shop Like A Boss Printed T-Shirt | Bargain.pk,like-a-boss-printed-t-shirt,Like A Boss ,emoji,552
BEMO000014,OMG Printed T-Shirt,400,1799,1099,Shop OMG Printed T-Shirt | Bargain.pk,omg-printed-t-shirt,OMG ,emoji,552
BEMO000015,See You Soon Printed T-Shirt,400,1799,1099,Shop See You Soon Printed T-Shirt | Bargain.pk,see-you-soon-printed-t-shirt,See You Soon ,emoji,552
BEMO000016,Do Not Forget to Laugh Printed T-Shirt,400,1799,1099,Shop Do Not Forget to Laugh Printed T-Shirt | Bargain.pk,do-not-forget-to-laugh-printed-t-shirt,Do Not Forget to Laugh ,emoji,552
BEMO000017,Rise And Grind Printed T-Shirt,400,1799,1099,Shop Rise And Grind Printed T-Shirt | Bargain.pk,rise-and-grind-printed-t-shirt,Rise And Grind ,emoji,552
BEMO000018,I Can Not live Without You Printed T-Shirt,400,1799,1099,Shop I Can Not live Without You Printed T-Shirt | Bargain.pk,i-can-not-live-without-you-printed-t-shirt,I Can Not live Without You ,emoji,552
BEMO000019,Everyday I Woke Up like This Printed T-Shirt,550,1999,1299,Shop Everyday I Woke Up like This Printed T-Shirt | Bargain.pk,everyday-i-woke-up-like-this-printed-t-shirt,Everyday I Woke Up like This ,emoji,552
BEMO000020,Sore Today Strong Tomorrow Printed T-Shirt,550,1999,1299,Shop Sore Today Strong Tomorrow Printed T-Shirt | Bargain.pk,sore-today-strong-tomorrow-printed-t-shirt,Sore Today Strong Tomorrow ,emoji,552
BEMO000021,Stay In Peace Printed T-Shirt,400,1799,1099,Shop Stay In Peace Printed T-Shirt | Bargain.pk,stay-in-peace-printed-t-shirt,Stay In Peace ,emoji,552
BEMO000022,Her Me Printed T-Shirt,400,1799,1099,Shop Her Me Printed T-Shirt | Bargain.pk,her-me-printed-t-shirt,Her Me ,emoji,552
BEMO000023,Cool Story Bro Tell It Again Printed T-Shirt,550,1999,1299,Shop Cool Story Bro Tell It Again Printed T-Shirt | Bargain.pk,cool-story-bro-tell-it-again-printed-t-shirt,Cool Story Bro Tell It Again ,emoji,552
BEMO000024,Crazy in Love Printed T-Shirt,400,1799,1099,Shop Crazy in Love Printed T-Shirt | Bargain.pk,crazy-in-love-printed-t-shirt,Crazy in Love ,emoji,552
