BBOD0001,I Can & I Will BodyBuilding Cotton T-shirt,400,1799,1099,Shop I Can & I Will Cotton T-shirt | Bargain.pk,i-can-I-will-bodybuilding-t-shirt,I can and i will
BBOD0002,Quiting Is Not an Option BodyBuilding Printed T-shirts,400,1799,1099,Shop Quiting Is Not an Option Printed T-shirts Online | Bargain.pk,quiting-is-not-an-option-bodybuilding-t-shirts,Quiting is not an option
BBOD0003,Downloading Muscles Bodybuilding Cotton T-shirts,400,1799,1099,Shop Downloading Muscles Cotton T-shirt | Bargain.pk,downloading-muscles-bodybuilding-t-shirts,Downloading muscles
BBOD0004,Its Called Exercise BodyBuilding Printed T-shirts,400,1799,1099,Shop Its Called Exercise Printed 100% Cotton T-shirt | Bargain.pk,its-called-exercise-bodybuilding-t-shirts,Its called exercise you should try sometime
BBOD0005,Straight Outta Gym BodyBuilding 100% Cotton T-shirt,400,1799,1099,Shop Straight Outta Gym BodyBuilding 100% Cotton T-shirt | Bargain.pk,straight-outta-gym-bodybuilding-t-shirt,Straight outta gym
BBOD0006,If the bar is Not bending - Pure Cotton T-shirts,550,1999,1299,Shop If the bar is Not Bending Round Neck T-shirts | Bargain.pk,if-the-bar-is-not-bending-t-shirts,If the bar aint bending youre pretending
BBOD0007,Let me know BodyBuilding Pure Cotton T-shirts,550,1999,1299,Shop Let me Know Pure Cotton T-shirts | Bargain.pk,let-me-know-bodybuilding-t-shirts,Let me know if my biceps gets in your way
BBOD0008,If the bar aint bending BodyBuilding Printed T-shirts,400,1799,1099,Shop If the Bar aint Bending Printed T-shirts Online | Bargain.pk,ifthe-bar-aint-bending-bodybuilding-t-shirts,If the bar aint bending youre just pretending
BBOD0009,I Can & I Will BodyBuilding 100% Cotton T-shirt,400,1799,1099,Shop I Can & I Will BodyBuilding 100% Cotton T-shirt | Bargain.pk,i-can-i-will-bodybuilding-t-shirt,I can and i will
BBOD00010,Quiting is Not An Option Round Neck T-shirt,400,1799,1099,Shop Quiting is Not An Option Round Neck T-shirt Online |Bargain.pk,quiting-is-not-an-option-t-shirt,Quiting is not an option
BBOD00011,Keep Calm & Lift on BodyBuilding - Stylish T-shirt ,400,1799,1099,Shop Keep Calm & Lift on BodyBuilding - Stylish T-shirt | Bargain.pk,keep-calm-lift-on-bodybuilding-stylish-t-shirt,Keep calm and lift on
BBOD00012,Upgrading Muscles - Cotton T-shirts,400,1799,1099,Shop Upgrading Muscles Round Neck Cotton T-shirts | Bargain.pk,upgrading-muscles-t-shirts,Upgrading muscles stand by 60
BBOD00013,Straight Outta Gym - 100% Pure Cotton T-shirt,400,1799,1099,Shop Straight Outta Gym 100% Pure Cotton T-shirt | Bargain.pk,straight-outta-gym-t-shirt,Straight outta gym
BBOD00014,Less talk more lift - Round Neck T-shirt,550,1999,1299,Shop Less talk more lift Round Neck T-shirt | Bargain.pk,less-talk-more-lift-t-shirt,Less talk more lift
BBOD00015,Its called exercise you should try - Cotton T-shirt,400,1799,1099,Shop Its Called Exercise Cotton T-shirt | Bargain.pk,its-called-exercise-you-should-try-t-shirt,Its called exercise you should try sometime
BBOD00016,Downloading muscles Bodybuilding Cotton T-shirt,400,1799,1099,Shop Downloading Muscles Bodybuilding Cotton T-shirt | Bargain.pk,downloading-muscles-bodybuilding-t-shirt,Downloading muscles
BBOD00017,Work hard Bodybuilding 100% Cotton T-shirt,400,1799,1099,Shop Work Hard Bodybuilding 100% Cotton T-shirt | Bargain.pk,work-hard-bodybuilding-t-shirt,Work hard
BBOD00018,Stornger then Yesterday Round Neck T-shirt ,400,1799,1099,Shop Stornger then Yesterday Round Neck T-shirt | Bargain.pk,stornger-then-yesterday-t-shirt,Stornger then yesterday 
