BHUM00040,Fries I Speak French Printed T-Shirt,400,1799,1099,Shop Fries I Speak French Printed T-Shirt | Bargain.pk,fries-i-speak-french-printed-t-shirt,Fries I Speak French,humor,237
BHUM00041,Life Begins After Coffee Cotton T-Shirt,550,1999,1399,Shop Life Begins After Coffee Cotton T-Shirt | Bargain.pk,life-begins-after-coffee-cotton-t-shirt,Life Begins After Coffee,humor,237
BHUM00042,Nope Not today 100% Cotton T-Shirt,400,1799,1099,Shop Nope Not today 100% Cotton T-Shirt | Bargain.pk,nope-not-today-100%-cotton-t-shirt,Nope Not today,humor,237
BHUM00043,Pizza Fixes Every thing T-Shirt,400,1799,1099,Shop Pizza Fixes Every thing T-Shirt | Bargain.pk,pizza-fixes-every-thing-t-shirt,Pizza Fixes Every thing,humor,237
BHUM00045,Turnip the Beat Printed T-Shirt,400,1799,1099,Shop Turnip the Beat Printed T-Shirt | Bargain.pk,turnip-the-beat-printed-t-shirt,Turnip the Beat,humor,237
BHUM00046,Don’t Judge Me T-Shirt,550,1999,1399,Shop Don’t Judge Me T-Shirt | Bargain.pk,don’t-judge-me-t-shirt,Don’t Judge Me,humor,237
BHUM00047,Nap Queen 100% Cotton T-Shirt,400,1799,1099,Shop Nap Queen 100% Cotton T-Shirt | Bargain.pk,nap-queen-100%-cotton-t-shirt,Nap Queen,humor,237
BHUM00048,You Glad Printed T-Shirt,400,1799,1099,Shop You Glad Printed T-Shirt | Bargain.pk,you-glad-printed-t-shirt,You Glad?,humor,237
BHUM00049,Cutting Carbs Cotton T-Shirt,400,1799,1099,Shop Cutting Carbs Cotton T-Shirt | Bargain.pk,cutting-carbs-cotton-t-shirt,Cutting Carbs,humor,237
BHUM00050,Wifi Magic In the Air Printed T-Shirt,400,1799,1099,Shop Wifi Magic In the Air Printed T-Shirt | Bargain.pk,wifi-magic-in-the-air-printed-t-shirt,Wifi Magic In the Air,humor,237
