BHUM00001,I May Not be Right Cotton T-Shirt,400,1799,1099,Shop I May Not be Right Cotton T-Shirt | Bargain.pk,i-may-not-be-right-t-shirt,I may not be right but I m never wrong
BHUM00002,I Like the Sound 100% Cotton T-Shirt,550,1999,1299,Shop I Like the Sound 100% Cotton T-Shirt | Bargain.pk ,i-like-the-sound-t-shirt,I like the sound you make when you 
BHUM00003,You Inspired My Inner Printed T-Shirt,400,1799,1099,Shop You Inspired My Inner Printed T-Shirt | Bargain.pk,you-inspired-my-inner-t-shirt,you inspired my inner serial killer
BHUM00004,Blessed 100% Cotton T-shirt,400,1799,1099,Shop Blessed 100% Cotton T-shirt | Bargain.pk,blessed-t-shirt,Blessed
BHUM00005,Don’t follow my foot steps 100% Cotton T-shirt,400,1799,1099,shop Don’t follow my foot steps 100% Cotton T-shirt | Bargain.pk,don’t-follow-my-foot-steps-t-shirt,Don’t follow my foot steps I run into walls
BHUM00006,I hope you step on lego Cotton T-shirt,400,1799,1099,shop I hope you step on lego Cotton T-shirt | Bargain.pk,i-hope-you-step-on-lego-t-shirt,I hope you step on lego
BHUM00007,Back in my days we had nine planets Printed T-Shirt,400,1799,1099,Shop Back in my days we had nine planets Printed T-Shirt,back-in-my-days-we-had-nine-planets-t-shirt,Back in my days we had nine planets
BHUM00008,Hello Weekend Printed T-Shirt,400,1799,1099,shop Hello Weekend Printed T-Shirt | Bargain.pk,hello-weekend-t-shirt,Hello weekend
BHUM00009,I Am Always Right Cotton T-Shirt,400,1799,1099,Shop I Am Always Right Cotton T-Shirt | Bargain.pk,i-am-always-right-t-shirt,I am always right
BHUM00010,I Am Not a Monday Person 100% Cotton T-shirt,400,1799,1099,Shop I Am Not a Monday Person 100% Cotton T-shirt | Bargain.pk,i-am-not-a-monday-person-t-shirt,I am not a Monday person
BHUM00011,I Am Not Perfect I Am Awesome Printed T-shirt,400,1799,1099,Shop I Am Not Perfect Printed T-shirt | Bargain.pk,i-am-not-perfect-i-am-awesome-t-shirt,I m not perfect I m awesome
BHUM00012,I Am not Weird I am Limited Edition Cotton T-Shirt,550,1999,1299,Shop I Am not Weird Printed T-shirt Online | Bargain.pk,i-am-not-weird-i-am-limited-edition-t-shirt,I m not weird I m limited editor
BHUM00013,Facebook Memories Are Great Printed T-Shirt,400,1799,1099,Shop Facebook Memories Are Great Printed T-Shirt | Bargain.pk,facebook-memories-are-great-t-shirt,facebook memories are a great way to see how fat you’ve goten
BHUM00014,Never Trust Printed Cotton T-Shirt,400,1799,1099,Shop Never Trust Printed Cotton T-Shirt Online | Bargain.pk,never-trust-t-shirt,Never trust and atom they make up everything
BHUM00015,Put Down Phone 100% Cotton T-shirt,400,1799,1099,Shop Put Down Phone 100% Cotton T-shirt | Bargain.pk,put-down-phone-t-shirt,Puts down phone oh my god I have another hand
BHUM00016,Selfie King 100% Pure Cotton T-Shirt,400,1799,1099,Shop Selfie King 100% Pure Cotton T-Shirt | Bargain.pk,selfie-king-t-shirt,selfie king
BHUM00017,Smartphones are Pacifiers Cotton T-Shirt,400,1799,1099,Shop Smartphones are Pacifiers 100% Cotton T-Shirt | Bargain.pk,smartphones-are-pacifiers-t-shirt,smartphones are pacifiers for adults
BHUM00018,Thanks to Facebook Printed Cotton T-Shirt,550,1999,1299,Shop Thanks to Facebook Printed Cotton T-Shirt | Bargain.pk,thanks-to-facebook-t-shirt,thanks to facebook I never forget the birhtdays
BHUM00019,Twitter is Just Linkedin Printed T-Shirt,400,1799,1099,Shop Twitter is Just Linkedin Printed T-Shirt | Bargain.pk,twitter-is-just-linkedin-t-shirt,twitter is just linkedin for chronically unemployed
BHUM00020,Twitter is the Smoking Section Cotton T-Shirt,400,1799,1099,Shop Twitter is the Smoking Section Cotton T-Shirt | Bargain.pk,twitter-is-the-smoking-section-t-shirt,twitter is the smoking section of facebook
BHUM00021,3 Things to Keep Private Love Life Printed T-Shirt,400,1799,1099,Shop 3 Things to Keep Private Love Life Printed T-Shirt | Bargain.pk,3-things-to-keep-private-love-life-t-shirt,3 things to keep private love life income nextmove
BHUM00022,All you Need is Icecream Cotton T-Shirt,400,1799,1099,shop All you Need is Icecream Cotton T-Shirt | Bargain.pk,all-you-need-is-icecream-t-shirt,All you need is icecream
BHUM00023,I Am Sorry I Didn’t Answer My Phone Cotton Printed T-Shirt,400,1799,1099,Shop I Am Sorry I Didn’t Answer My Phone Printed T-Shirt | Bargain.pk,i-am-sorry-i-didn’t-answer-my-phone-t-shirt,I m sorry I didn’t answer my phone when you called
BHUM00024,Tu mujhse jalta hai Printed T-Shirt,400,1799,1099,Shop Tu mujhse jalta hai Printed T-shirt Online | Bargain.pk ,tu-mujhse-jalta-hai-t-shirt,tu mujhse jalta hai
BHUM00025,Yeh kiya haal bana rakha hai Cotton T-shirt,400,1799,1099,Shop Yeh kiya haal bana rakha hai Cotton T-shirt | Bargain.pk,yeh-kiya-haal-bana-rakha-hai-t-shirt,yeh kiya haal bana rakha hai
BHUM00026,G ap kon ? Printed T-Shirt,400,1799,1099,Shop G ap kon ? Printed T-Shirt | Bargain.pk,g-ap-kon-t-shirt,G ap kon ? 
BHUM00027,Abbe dimag mat kha 100% cotton t-shirt,550,1999,1299,Shop Abbe dimag mat kha 100% cotton T-shirt | Bargain.pk,abbe-dimag-mat-kha-t-shirt,Abbe dimag mat kha
BHUM00028,le lollypop kha Printed T-Shirt,400,1799,1099,Shop Le Lollypop kha Printed T-Shirt | Bargain.pk,le-lollypop-kha-t-shirt,le lollypop kha
BHUM00029,say it dude Cotton T-Shirt,400,1799,1099,Shop Say It Dude Cotton T-Shirt | Bargain.pk,say-it-dude-t-shirt,say it dude
BHUM00030,watt lag gae 100% Cotton T-Shirt,400,1799,1099,Shop watt lag gae 100% Cotton T-Shirt | Bargain.pk,watt-lag-gae-t-shirt,watt lag gae
BHUM00031,shakal dekhi hai apni ? Printed T-Shirt,400,1799,1099,Shop Shakal Dekhi hai Apni ? Printed T-Shirt | Bargain.pk,shakal-dekhi-hai-apni-t-shirt,shakal dekhi hai apni ?
BHUM00032,No pain no gain cotton T-shirt,400,1799,1099,Shop No pain no gain cotton T-shirt | Bargain.pk,no-pain-no-gain-t-shirt,No pain no gain
BHUM00033,Bro 100% Cotton T-Shirt,400,1799,1099,Shop Bro 100% Cotton T-Shirt | Bargain.pk,bro-t-shirt,bro 
BHUM00034,Itna Sannata Kyun Hai Bhai? T-shirt,400,1799,1099,Shop Itna Sannata Kyun Hai Bhai? T-shirt | Bargain.pk,itna-sannata-kyun-hai-bhai-t-shirt,itna sunnata kyun hai bhai?
BHUM00035,Ghar Mai Maa Bhen Nhi Hai KYA? Printed T-Shirt,400,1799,1099,Shop Ghar Mai Maa Bhen Nhi Hai KYA? Printed T-Shirt | Bargain.pk,ghar-mai-maa-bhen-nhi-hai-kya-t-shirt,Ghar main maa bhen nhi hai
BHUM00036,You Have Turned My World Pure Cotton T-Shirt,400,1799,1099,Shop You Have Turned My World Pure Cotton T-Shirt | Bargain.pk,you-have-turned-my-world-t-shirt,you turn my world upside down
BHUM00037,Ab Ayi Aqal Thikaane Printed T-shirt,400,1799,1099,Shop Ab Ayi Aqal Thikaane Printed T-shirt | Bargain.pk,ab-ayi-aqal-thikaane-t-shirt,ab ayi aqal thikaane
BHUM00038,I Haven't Seen You So Long Cotton T-Shirt,400,1799,1099,Shop I Haven't Seen You So Long Cotton T-Shirt | Bargain.pk,i-haven't-seen-you-so-long-t-shirt,I havent see you in a long time
BHUM00039,Jaib hai Khaali but Pyar is Unlimited Cotton T-Shirt,400,1799,1099,Shop Jaib hai Khaali but Pyar is Unlimited Cotton T-Shirt  | Bargain.pk,jaib-hai-khaali-but-pyar-is-unlimited-t-shirt,Jeb hai khaali but pyar is unlimited
