BKAR00001,Champion Train Losers Complain Printed T-Shirt,400,1799,1099,Shop Champion Train Losers Complain Printed T-Shirt | Bargain.pk,champion-train-losers-complain-printed-t-shirt,Champion Train Losers Complain,karate,549
BKAR00002,Karate 100% Cotton T-Shirt,550,1999,1399,Shop Karate 100% Cotton T-Shirt | Bargain.pk,karate-100%-cotton-t-shirt,Karate,karate,549
BKAR00003,I Dont Need a Weapon Comfortable T-Shirt,550,1999,1399,Shop I Dont Need a Weapon Comfortable T-Shirt | Bargain.pk,i-dont-need-a-weapon-comfortable-t-shirt,I Dont Need a Weapon I am Only One,karate,549
BKAR00004,Train Hungray Taste Victory Printed  T-Shirt,400,1799,1099,Shop Train Hungray Taste Victory Printed  T-Shirt | Bargain.pk,train-hungray-taste-victory-printed--t-shirt,Train Hungray Taste Victory,karate,549
BKAR00005,If you Can Accept Lossing Cotton  T-Shirt,400,1799,1099,Shop If you Can Accept Lossing Cotton  T-Shirt | Bargain.pk,if-you-can-accept-lossing-cotton--t-shirt,If you Can Accept Lossing You Cant Win,karate,549
BKAR00006,The More You Sweat in Prictice Printed  T-Shirt,550,1999,1399,Shop The More You Sweat in Prictice Printed  T-Shirt | Bargain.pk,the-more-you-sweat-in-prictice-printed--t-shirt,The More You Sweat in Prictice The More You Bleed in Battle,karate,549
BKAR00007,Eat Sleep Karate Pure Cotton T-Shirt,400,1799,1099,Shop Eat Sleep Karate Pure Cotton T-Shirt | Bargain.pk,eat-sleep-karate-pure-cotton-t-shirt,Eat Sleep Karate,karate,549
BKAR00008,I know Karate Printed  T-Shirt,400,1799,1099,Shop I know Karate Printed  T-Shirt | Bargain.pk,i-know-karate-printed--t-shirt,I know Karate and Two Other Japanese Words,karate,549
BKAR00009,Train Fight Recover Repeat  T-Shirt,550,1999,1399,Shop Train Fight Recover Repeat  T-Shirt | Bargain.pk,train-fight-recover-repeat--t-shirt,Train Fight Recover Repeat,karate,549
BKAR00010,Your Spirit is the New Shield T-Shirt,400,1799,1099,Shop Your Spirit is the New Shield T-Shirt | Bargain.pk,your-spirit-is-the-new-shield-t-shirt,Your Spirit is the New Shield,karate,549
BKAR00011,Walk on the Mat Round Neck  T-Shirt,400,1799,1099,Shop Walk on the Mat Round Neck  T-Shirt | Bargain.pk,walk-on-the-mat-round-neck--t-shirt,Walk on the Mat Work on the Mat Win on the Mat,karate,549
BKAR00012,Warning If you can Read T-Shirt,400,1799,1099,Shop Warning If you can Read T-Shirt | Bargain.pk,warning-if-you-can-read-t-shirt,Warning If you can Read this You are on Target,karate,549
BKAR00013,Just Tae Kwon do It Printed T-Shirt,550,1999,1399,Shop Just Tae Kwon do It Printed T-Shirt | Bargain.pk,just-tae-kwon-do-it-printed-t-shirt,Just Tae Kwon do It,karate,549
BKAR00014,Martial Arts is a Long Term Relationship T-Shirt,400,1799,1099,Shop Martial Arts is a Long Term Relationship T-Shirt | Bargain.pk,martial-arts-is-a-long-term-relationship-t-shirt,Martial Art is a Long Term Relationship,karate,549
BKAR00015,I am not a fighter I am A Martial Artist T-Shirt,400,1799,1099,Shop I am not a fighter I am A Martial Artist T-Shirt | Bargain.pk,i-am-not-a-fighter-i-am-a-martial-artist-t-shirt,I am not a fighter I am A Martial Artist,karate,549
BKAR00016,Eat Sleep Karate Printed  T-Shirt,550,1999,1399,Shop Eat Sleep Karate Printed  T-Shirt | Bargain.pk,eat-sleep-karate-printed--t-shirt,Eat Sleep Karate,karate,549
