BAPR00001,Kings Are Born In April Printed T-Shirt,400,1799,1099,Shop Kings Are Born In April Printed T-Shirt | Bargain.pk,kings-are-born-in-april-printed-t-shirt,Kings Are Born In April,month,553
BAPR00002,Legends Are born In April Printed T-Shirt,400,1799,1099,Shop Legends Are born In April Printed T-Shirt | Bargain.pk,legends-are-born-in-april-printed-t-shirt,Legends Are born In April,month,553
BAPR00003,All Men Are Created Equal But Only The Best Are Born In April Printed T-Shirt,550,1999,1299,Shop All Men Are Created Equal But Only The Best Are Born In April Printed T-Shirt | Bargain.pk,all-men-are-created-but-april-printed-t-shirt,All Men Are Created Equal But Only The Best Are Born In April,month,553
BAUG00001,Kings Are Born In August Printed T-Shirt,400,1799,1099,Shop Kings Are Born In August Printed T-Shirt | Bargain.pk,kings-are-born-in-august-printed-t-shirt,Kings Are Born In August,month,553
BAUG00002,Legends Are born In August Printed T-Shirt,400,1799,1099,Shop Legends Are born In August Printed T-Shirt | Bargain.pk,legends-are-born-in-august-printed-t-shirt,Legends Are born In August,month,553
BAUG00003,All Men Are Created Equal But Only The Best Are Born In August Printed T-Shirt,550,1999,1299,Shop All Men Are Created Equal But Only The Best Are Born In August Printed T-Shirt | Bargain.pk,all-men-are-created-but-august-printed-t-shirt,All Men Are Created Equal But Only The Best Are Born In August,month,553
BDEC00001,Kings Are Born In December Printed T-Shirt,400,1799,1099,Shop Kings Are Born In December Printed T-Shirt | Bargain.pk,kings-are-born-in-december-printed-t-shirt,Kings Are Born In December,month,553
BDEC00002,Legends Are born In December Printed T-Shirt,400,1799,1099,Shop Legends Are born In December Printed T-Shirt | Bargain.pk,legends-are-born-in-december-printed-t-shirt,Legends Are born In December,month,553
BDEC00003,All Men Are Created Equal But Only The Best Are Born In December Printed T-Shirt,550,1999,1299,Shop All Men Are Created Equal But Only The Best Are Born In December Printed T-Shirt | Bargain.pk,all-men-are-created-but-december-printed-t-shirt,All Men Are Created Equal But Only The Best Are Born In December,month,553
BFEB00001,Kings Are Born In February Printed T-Shirt,400,1799,1099,Shop Kings Are Born In February Printed T-Shirt | Bargain.pk,kings-are-born-in-february-printed-t-shirt,Kings Are Born In February,month,553
BFEB00002,Legends Are born In February Printed T-Shirt,400,1799,1099,Shop Legends Are born In February Printed T-Shirt | Bargain.pk,legends-are-born-in-february-printed-t-shirt,Legends Are born In February,month,553
BFEB00003,All Men Are Created Equal But Only The Best Are Born In February Printed T-Shirt,550,1999,1299,Shop All Men Are Created Equal But Only The Best Are Born In February Printed T-Shirt | Bargain.pk,all-men-are-created-but-february-printed-t-shirt,All Men Are Created Equal But Only The Best Are Born In February,month,553
BJAN00001,Kings Are Born In January Printed T-Shirt,400,1799,1099,Shop Kings Are Born In January Printed T-Shirt | Bargain.pk,kings-are-born-in-january-printed-t-shirt,Kings Are Born In January,month,553
BJAN00002,Legends Are born In January Printed T-Shirt,400,1799,1099,Shop Legends Are born In January Printed T-Shirt | Bargain.pk,legends-are-born-in-january-printed-t-shirt,Legends Are born In January,month,553
BJAN00003,All Men Are Created Equal But Only The Best Are Born In January Printed T-Shirt,550,1999,1299,Shop All Men Are Created Equal But Only The Best Are Born In January Printed T-Shirt | Bargain.pk,all-men-are-created-but-january-printed-t-shirt,All Men Are Created Equal But Only The Best Are Born In January,month,553
BJUL00001,Kings Are Born In July Printed T-Shirt,400,1799,1099,Shop Kings Are Born In July Printed T-Shirt | Bargain.pk,kings-are-born-in-july-printed-t-shirt,Kings Are Born In July,month,553
BJUL00002,Legends Are born In July Printed T-Shirt,400,1799,1099,Shop Legends Are born In July Printed T-Shirt | Bargain.pk,legends-are-born-in-july-printed-t-shirt,Legends Are born In July,month,553
BJUL00003,All Men Are Created Equal But Only The Best Are Born In July Printed T-Shirt,550,1999,1299,Shop All Men Are Created Equal But Only The Best Are Born In July Printed T-Shirt | Bargain.pk,all-men-are-created-but-july-printed-t-shirt,All Men Are Created Equal But Only The Best Are Born In July,month,553
BJUN00001,Kings Are Born In June Printed T-Shirt,400,1799,1099,Shop Kings Are Born In June Printed T-Shirt | Bargain.pk,kings-are-born-in-june-printed-t-shirt,Kings Are Born In June,month,553
BJUN00002,Legends Are born In June Printed T-Shirt,400,1799,1099,Shop Legends Are born In June Printed T-Shirt | Bargain.pk,legends-are-born-in-june-printed-t-shirt,Legends Are born In June,month,553
BJUN00003,All Men Are Created Equal But Only The Best Are Born In June Printed T-Shirt,550,1999,1299,Shop All Men Are Created Equal But Only The Best Are Born In June Printed T-Shirt | Bargain.pk,all-men-are-created-but-june-printed-t-shirt,All Men Are Created Equal But Only The Best Are Born In June,month,553
BMAR00001,Kings Are Born In March Printed T-Shirt,400,1799,1099,Shop Kings Are Born In March Printed T-Shirt | Bargain.pk,kings-are-born-in-march-printed-t-shirt,Kings Are Born In March,month,553
BMAR00002,Legends Are born In March Printed T-Shirt,400,1799,1099,Shop Legends Are born In March Printed T-Shirt | Bargain.pk,legends-are-born-in-march-printed-t-shirt,Legends Are born In March,month,553
BMAR00003,All Men Are Created Equal But Only The Best Are Born In March Printed T-Shirt,550,1999,1299,Shop All Men Are Created Equal But Only The Best Are Born In March Printed T-Shirt | Bargain.pk,all-men-are-created-but-march-printed-t-shirt,All Men Are Created Equal But Only The Best Are Born In March,month,553
BMAY00001,Kings Are Born In May Printed T-Shirt,400,1799,1099,Shop Kings Are Born In May Printed T-Shirt | Bargain.pk,kings-are-born-in-may-printed-t-shirt,Kings Are Born In May,month,553
BMAY00002,Legends Are born In May Printed T-Shirt,400,1799,1099,Shop Legends Are born In May Printed T-Shirt | Bargain.pk,legends-are-born-in-may-printed-t-shirt,Legends Are born In May,month,553
BMAY00003,All Men Are Created Equal But Only The Best Are Born In May Printed T-Shirt,550,1999,1299,Shop All Men Are Created Equal But Only The Best Are Born In May Printed T-Shirt | Bargain.pk,all-men-are-created-but-may-printed-t-shirt,All Men Are Created Equal But Only The Best Are Born In May,month,553
BNOV00001,Kings Are Born In November Printed T-Shirt,400,1799,1099,Shop Kings Are Born In November Printed T-Shirt | Bargain.pk,kings-are-born-in-november-printed-t-shirt,Kings Are Born In November,month,553
BNOV00002,Legends Are born In November Printed T-Shirt,400,1799,1099,Shop Legends Are born In November Printed T-Shirt | Bargain.pk,legends-are-born-in-november-printed-t-shirt,Legends Are born In November,month,553
BNOV00003,All Men Are Created Equal But Only The Best Are Born In November Printed T-Shirt,550,1999,1299,Shop All Men Are Created Equal But Only The Best Are Born In November Printed T-Shirt | Bargain.pk,all-men-are-created-but-november-printed-t-shirt,All Men Are Created Equal But Only The Best Are Born In November,month,553
BOCT00001,Kings Are Born In October Printed T-Shirt,400,1799,1099,Shop Kings Are Born In October Printed T-Shirt | Bargain.pk,kings-are-born-in-october-printed-t-shirt,Kings Are Born In October,month,553
BOCT00002,Legends Are born In October Printed T-Shirt,400,1799,1099,Shop Legends Are born In October Printed T-Shirt | Bargain.pk,legends-are-born-in-october-printed-t-shirt,Legends Are born In October,month,553
BOCT00003,All Men Are Created Equal But Only The Best Are Born In October Printed T-Shirt,550,1999,1299,Shop All Men Are Created Equal But Only The Best Are Born In October Printed T-Shirt | Bargain.pk,all-men-are-created-but-october-printed-t-shirt,All Men Are Created Equal But Only The Best Are Born In October,month,553
BSEP00001,Kings Are Born In September Printed T-Shirt,400,1799,1099,Shop Kings Are Born In September Printed T-Shirt | Bargain.pk,kings-are-born-in-september-printed-t-shirt,Kings Are Born In September,month,553
BSEP00002,Legends Are born In September Printed T-Shirt,400,1799,1099,Shop Legends Are born In September Printed T-Shirt | Bargain.pk,legends-are-born-in-september-printed-t-shirt,Legends Are born In September,month,553
BSEP00003,All Men Are Created Equal But Only The Best Are Born In September Printed T-Shirt,550,1999,1299,Shop All Men Are Created Equal But Only The Best Are Born In September Printed T-Shirt | Bargain.pk,all-men-are-created-but-september-printed-t-shirt,All Men Are Created Equal But Only The Best Are Born In September,month,553
