BPML00001,Go Nawaz Go Printed T-Shirt,400,1799,1099,Shop Go Nawaz Go Printed T-Shirt | Bargain.pk,go-nawaz-go-t-shirt,Go nawaz go,pmln,229
BPML00002,Dekho Dekho Kon Aya Printed T-Shirt,400,1799,1099,Shop Dekho Dekho Kon Aya Printed T-Shirt | Bargain.pk,dekho-dekho-kon-aya-t-shirt,Dekho dekho kon aya sher aya sher aya,pmln,229
BPML00003,Keep Supporting PML-N Printed T-Shirt,400,1799,1099,Shop Keep Supporting PML-N Printed T-Shirt | Bargain.pk,keep-supporting-pml-n-t-shirt,Keep calm and supoort pml-n,pmln,229
BPML00004,PMLN Cotton Printed T-Shirt,400,1799,1099,Shop PMLN Cotton Printed T-Shirt Online | Bargain.pk,pmln-t-shirt,PMLN,pmln,229
BPML00005,Mai Bhi Nawaz Hun Cotton T-Shirt,400,1799,1099,Shop Mai Bhi Nawaz Hun Cotton T-Shirt | Bargain.pk,mai-bhi-nawaz-hun-t-shirt,Mai Bhi Nawaz Hun,pmln,229
BPML00006,Sirf Nawaz Cotton Printed T-Shirt,400,1799,1099,Shop Sirf Nawaz Cotton Printed T-Shirt | Bargain.pk,sirf-nawaz-t-shirt,Sirf Nawaz Pakistan Muslim Leaque,pmln,229
BPML00007,Ta Hayaat Quaid Printed T-Shirt,400,1799,1099,Shop Ta Hayaat Quaid Printed T-Shirt Online | Bargain.pk,ta-hayaat-quaid-t-shirt,Ta Hayaat Quaid,pmln,229
BPML00008,PMLN Cotton Printed T-Shirt,400,1799,1099,Shop PMLN Cotton Printed T-Shirt Online | Bargain.pk,pmln-t-shirt,PMLN Tiger,pmln,229
BPTI00001,Ayi Ayi PTI 100% Cotton T-Shirt,400,1799,1099,Shop Ayi Ayi PTI 100% Cotton T-Shirt | Bargain.pk,ayi-ayi-pti-t-shirt,Ayi ayi PTI,pti,143
BPTI00002,Say Yes to Imran Khan Cotton T-Shirt,400,1799,1099,Shop Say Yes to Imran Khan Cotton T-Shirt | Bargain.pk,say-yes-to-imran-khan-t-shirt,Say yes to imran khan ,pti,143
BPTI00003,Support PTI! 100% Cotton T-Shirt,400,1799,1099,Shop Support PTI! 100% Cotton T-Shirt Online | Bargain.pk,support-pti-t-shirt,support pti to change pakistan,pti,143
BPTI00004,Tabdeeli Round Neck T-Shirt,400,1799,1099,Shop Tabdeeli Round Neck T-Shirt Online | Bargain.pk,tabdeeli-round-neck-t-shirt,Tabdeeli,pti,143
BPTI00005,Pakistan Ko Bachana Hai Cotton T-Shirt,400,1799,1099,Shop Pakistan Ko Bachana Hai Cotton T-Shirt | Bargain.pk,pakistan-ko-bachana-hai-t-shirt,Pakistan ko bachana hai tehreek e insaaf ko lana hai,pti,143
BPTI00006,Pakistan Tehreek e insaf Printed T-Shirt,400,1799,1099,Shop Pakistan Tehreek e insaf Printed T-Shirt | Bargain.pk,pakistan-tehreek-e-insaf-t-shirt,Pakistan Tehreek e insaf ,pti,143
BPTI00007,love Respects Support Cotton T-Shirt,400,1799,1099,Shop Love Respects Support Cotton T-Shirt | Bargain.pk,love-respects-support-t-shirt,love respects support for imran khan,pti,143
BPTI00008,Keep Supporting Imran Khan Printed T-Shirt,400,1799,1099,Shop Keep Supporting Imran Khan Printed T-Shirt | Bargain.pk,keep-supporting-imran-khan-t-shirt,keep calm and support imran khan,pti,143
BPTI00009,Keep CALM! 100% Cotton T-Shirt,400,1799,1099,Shop Keep CALM! 100% Cotton T-Shirt Online | Bargain.pk,keep-calm-a-shirt,Keep calm and support PTI,pti,143
BPTI000010,We are with Imran Khan Printed T-Shirt,400,1799,1099,Shop We are with Imran Khan Printed T-Shirt | Bargain.pk,we-are-with-imran-khan-t-shirt,We Are With Imran Khan,pti,143
BPTI000011,PTI 100% Cotton T-Shirt,400,1799,1099,Shop PTI 100% Cotton T-Shirt Online | Bargain.pk,pti-t-shirt,PTI Tabdeeli hum se,pti,143
BPTI000012,I Support Imran Khan Printed T-Shirt,400,1799,1099,Shop I Support Imran Khan Printed T-Shirt | Bargain.pk,i-support-imran-khan-t-shirt,I Support Imran Khan,pti,143
BPPP00001,Kal Bhi Bhutto Zinda Tha Cotton T-Shirt,400,1799,1099,Shop Kal Bhi Bhutto Zinda Tha Cotton T-Shirt | Bargain.pk,kal-bhi-bhutto-zinda-tha-t-shirt,Kal Bhi Bhutto Zinda Tha Aaj bhi Bhutto Zinda Hai,ppp,229
BPPP00002,Bhutto Aagya Hai Printed T-Shirt,400,1799,1099,Shop Bhutto Aagya Hai Printed T-Shirt | Bargain.pk,bhutto-aagya-hai-t-shirt,Bhutto Aagya Hai,ppp,229
BPPP00003,Teer Jo Nishan Cotton Printed T-Shirt,400,1799,1099,Shop Teer Jo Nishan Cotton Printed T-Shirt | Bargain.pk,teer-jo-nishan-t-shirt,Teer Jo Nishan Fatah Jo Nishan,ppp,229
BPPP00004,Bhutto ka Jiyala Printed T-Shirt,400,1799,1099,Shop Bhutto ka Jiyala Printed T-Shirt Online | Bargain.pk,bhutto-ka-jiyala-t-shirt,Bhutto kaJiyala,ppp,229
BPPP00005,Mjhe Fakhar hai Cotton T-Shirt,400,1799,1099,Shop Mjhe Fakhar hai Cotton T-Shirt | Bargain.pk,mjhe-fakhar-hai-t-shirt,Mjhe Fakhar hai Ke Mai PPP ka Hissa Hun,ppp,229
BPPP00006,Bhutto Cotton Printed T-Shirt,400,1799,1099,Shop Bhutto Cotton Printed T-Shirt Online | Bargain.pk,bhutto-t-shirt,Bhutto,ppp,229
