BFUN00001,Yeah Cheez 100% Cotton T-Shirt,400,1799,1099,Shop Yeah Cheez 100% Cotton T-Shirt Online| Bargain.pk,yeah-cheez-t-shirt,yeah cheez,funny,152
BFUN00002,Chill Maar Pure Cotton T-Shirt,400,1799,1099,Shop Chill Maar Pure Cotton Printed T-Shirt | Bargain.pk,chill-maar-t-shirt,chill maar,funny,152
BFUN00003,Good Afternoon Round Neck T-Shirt,400,1799,1099,Shop Good Afternoon 100% Cotton Round Neck T-Shirt | Bargain.pk,good-afternoon-t-shirt,good afternoon,funny,152
BFUN00004,When I Saw You I Was Like Woow Printed T-Shirts,400,1799,1099,Shop When I Saw You I Was Like Woow Printed T-Shirts | Bargain.pk,when-i-saw-you-i-was-like-woow-t-shirts,when I saw you I was like woow,funny,152
BFUN00005,Keep Calm & Eat Daal Cotton T-Shirt,550,1999,1299,Shop Keep Calm & Eat Daal Cotton T-Shirt Online | Bargain.pk,keep-calm-&-eat-daal-t-shirt,keep calm and eat daal,funny,152
BFUN00006,Beta Tumse Na Hopaega Printed T-Shirt,550,1999,1299,Shop Beta Tumse Na Hopaega Printed T-Shirt | Bargain.pk,beta-tumse-na-hopaega-t-shirt,beta tumse na hopaega,funny,152
BFUN00007,Chal Paka Mat Pure Cotton T-Shirt,400,1799,1099,Shop Chal Paka Mat Pure Cotton T-Shirt Online | Bargain.pk,chal-paka-mat-t-shirt,chal paka mat,funny,152
BFUN00008,Laton k Bhoot Baaton se Nahi Mante Printed T-Shirt,400,1799,1099,Shop Laton k Bhoot Baaton se Nahi Mante Printed T-Shirt | Bargain.pk,laton-k-bhoot-baaton-se-nahi-mante-t-shirt,laton k bhoot baaton se nahi mante,funny,152
BFUN00009,Tu Janta Nhi Mera Baap Kaun Hai Printed T-Shirt,550,1999,1299,Shop Tu Janta Nhi Mera Baap Kaun Hai Printed T-Shirt | Bargain.pk,tu-janta-nhi-mera-baap-kaun-hai-t-shirt,tu janta nhi mera baap kaun hai,funny,152
BINS00001,It Takes Only One Person Printed T-Shirt,400,1799,1099,Shop It Takes Only One Person Printed T-Shirt | Bargain.pk,it-takes-only-one-person-t-shirt,it only takes one person to change your life you,inspiration,148
BINS00002,Not to Self Stop Expecting Cotton T-Shirt,400,1799,1099,Shop Not to Self Stop Expecting Cotton T-Shirt Online | Bargain.pk,not-to-self-stop-expecting-t-shirt,not to self stop expecting,inspiration,148
BINS00003,Practice Reckless Optimism Cotton T-Shirt,400,1799,1099,Shop Practice Reckless Optimism Cotton T-Shirt | Bargain.pk,practice-reckless-optimism-t-shirt,practice reckless optimism ,inspiration,148
BINS00004,Sometimes We Create Our Own Heartbreaks Printed T-Shirt,400,1799,1099,Shop We Create Our Own Heartbreaks Printed T-Shirt | Bargain.pk,sometimes-we-create-our-own-heartbreaks-t-shirt,sometimes we create our own heartbreaks through expectation,inspiration,148
BINS00005,You are Your Only Limit Cotton T-Shirt,400,1799,1099,Shop You are Your Only Limit Cotton T-Shirt Online | Bargain.pk,you-are-your-only-limit-t-shirt,you are your only limit,inspiration,148
BINS00006,You Matter 100% Cotton T-Shirt,400,1799,1099,Shop You Matter 100% Cotton T-Shirt Online | Bargain.pk,you-matter-t-shirt,you matter,inspiration,148
BMOT00001,All It Takes is Faith & Trust Cotton Printed T-Shirt,400,1799,1099,Shop All It Takes is Faith & Trust Cotton Printed T-Shirt | Bargain.pk,all-it-takes-is-faith-&-trust-t-shirt,All it takes is faith and trust,motivational,150
BMOT00002,All Our Dreams Can Come True Printed T-Shirt,550,1999,1299,Shop All Our Dreams Can Come True Printed T-Shirt | Bargain.pk,all-our-dreams-can-come-true-t-shirt,All our dreams can come true if we have the courage pursue them ,motivational,150
BMOT00003,Be Curious Be Willing Embrace Risk Printed T-Shirt,400,1799,1099,Shop Be Curious Be Willing Embrace Risk Printed T-Shirt | Bargain.pk,be-curious-be-willing-embrace-risk-t-shirt,be curious be willing embrace risk and go for it,motivational,150
BMOT00004,Believe in YourSelf Pure Cotton T-Shirt,400,1799,1099,Shop Believe in YourSelf Pure Cotton T-Shirt | Bargain.pk,believe-in-yourself-t-shirt,believe you can and you are halfway there,motivational,150
BMOT00005,Everything is Theoretically Imossible Cotton T-Shirt,550,1999,1299,Shop Everything is Theoretically Imossible Cotton T-Shirt| Bargain.pk,everything-is-theoretically-imossible-t-shirt,everything is theoretically imossible until it is done ,motivational,150
BMOT00006,I Have No Special Talent Cotton T-Shirt,550,1999,1299,Shop I Have No Special Talent Cotton T-Shirt| Bargain.pk,i-have-no-special-talent-t-shirt,I have no special talent I am only passionatelly curious,motivational,150
BMOT00007,I Hear & I Forget I See Cotton Printed T-Shirt,550,1999,1299,Shop I Hear & I Forget I See Cotton Printed T-Shirt| Bargain.pk,i-hear-&-i-forget-i-see-t-shirt,I hear and I forget I see and I remember I do and I understand ,motivational,150
BMOT00008,I Walk Slowly 100% Pure Cotton T-Shirt,550,1999,1299,Shop I Walk Slowly 100% Pure Cotton T-Shirt| Bargain.pk,i-walk-slowly-t-shirt,I walk slowly but I never walk backward,motivational,150
BMOT00009,If You Do What you are Doing Printed T-Shirt,400,1799,1099,Shop If You Do What you are Doing Printed T-Shirt| Bargain.pk,if-you-do-what-you-are-doing-t-shirt,if you do what you always did you ll get what you ve always gotten,motivational,150
BMOT00010,If You Were Not You Cotton T-Shirt,400,1799,1099,Shop If You Were Not You Cotton T-Shirt| Bargain.pk,if-you-were-not-you-t-shirt,if you werent you then wed all be a bit less we,motivational,150
BMOT00011,Keep your Friend Close Printed T-Shirt,400,1799,1099,Shop Keep your Friend Close Printed T-Shirt| Bargain.pk,keep-your-friend-close-t-shirt,keep your friend close but your enemies closer,motivational,150
BMOT00012,Never Forget Who you Are Cotton T-Shirt,400,1799,1099,Shop Never Forget Who you Are Cotton T-Shirt | Bargain.pk,never-forget-who-you-are-t-shirt,never forget who you are,motivational,150
BMOT00013,Some People Dream of Success Printed T-Shirt,550,1999,1299,Shop Some People Dream of Success Printed T-Shirt | Bargain.pk,some-people-dream-of-success-t-shirt,some people dream of success while other wakeup & workhard at it,motivational,150
BMOT00014,May the Force be with You Cotton T-Shirt,400,1799,1099,Shop May the Force be with You Cotton T-Shirt | Bargain.pk,may-the-force-be-with-you-t-shirt,may the force be with you,motivational,150
BMOT00015,The Best Way to Predict Printed T-Shirt,400,1799,1099,Shop The Best Way to Predict Printed T-Shirt | Bargain.pk,the-best-way-to-predict-t-shirt,the best way to predict your future is to create it,motivational,150
BMOT00016,The Distance Between You Printed T-Shirt,550,1999,1299,Shop The Distance Between You Printed T-Shirt | Bargain.pk,the-distance-between-you-t-shirt,the distance between you and reality is called action,motivational,150
BMOT00017,There is No Place Like Home T-Shirt,550,1999,1299,Shop There is No Place Like Home T-Shirt | Bargain.pk,there-is-no-place-like-home-t-shirt,there no place like home,motivational,150
BMOT00018,Tomorrow is an Another Day Cotton T-Shirt,400,1799,1099,Shop Tomorrow is an Another Day Cotton T-Shirt | Bargain.pk,tomorrow-is-an-another-day-t-shirt,tomorrow is an another day,motivational,150
BMOT00019,Why So Serious Cotton Printed T-Shirt,400,1799,1099,Shop Why So Serious Cotton Printed T-Shirt | Bargain.pk,why-so-serious-t-shirt,why so serious,motivational,150
BMOT00020,You are Never too Old for Disney Cotton T-Shirt,400,1799,1099,Shop You are Never too Old for Disney Cotton T-Shirt | Bargain.pk,you-are-never-too-old-for-disney-t-shirt,you are never to old for disney,motivational,150
BMOT00021,You are Never too Old to be Young Printed T-Shirt,400,1799,1099,Shop You are Never too Old to be Young Printed T-Shirt | Bargain.pk,you-are-never-too-old-to-be-young-t-shirt,you are never to old to be young,motivational,150
BMOT00022,You Don’t Learn to walk Cotton T-Shirt,550,1999,1299,Shop You Don’t Learn to walk Cotton T-Shirt | Bargain.pk,you-don’t-learn-to-walk-t-shirt,you don’t learn to walk by folowing rules you learn by doing & falling over,motivational,150
BMOT00023,You are Smart You are Kind Cotton T-Shirt,550,1999,1299,Shop You are Smart You are Kind Cotton T-Shirt | Bargain.pk,you-are-smart-you-are-kind-t-shirt,you Is smart you is kind you is important ,motivational,150
BMOT00024,Are You Talking to Me Cotton T-Shirt,400,1799,1099,Shop Are You Talking to Me Cotton T-Shirt | Bargain.pk,are-you-talking-to-me-t-shirt,you talking to me,motivational,150
BMOT00025,Your Problem is not the Problem Printed T-Shirt,550,1999,1299,Shop Your Problem is not the Problem Printed T-Shirt | Bargain.pk,your-problem-is-not-the-problem-t-shirt,your problem is not the problem your reaction is the problem,motivational,150
BMOT00026,Georgeous Energetic Excited Printed T-Shirt,400,1799,1099,Shop Georgeous Energetic Excited Printed T-Shirt | Bargain.pk,georgeous-energetic-excited-t-shirt,georgeous energetic excited hind,motivational,150
BMOT00027,Hard Work Beats Talent Cotton T-Shirt,550,1999,1299,Shop Hard Work Beats Talent Cotton T-Shirt | Bargain.pk,hard-work-beats-talent-t-shirt,hard work beats talent when talent doesn’t work,motivational,150
BMOT00028,Heroes Get Remembered Printed T-Shirt,550,1999,1299,Shop Heroes Get Remembered Printed T-Shirt | Bargain.pk,heroes-get-remembered-t-shirt,heroes get remembered legends never die,motivational,150
BMOT00029,Learn from Mistakes of People Cotton T-Shirt,400,1799,1099,Shop Learn from Mistakes of People Cotton T-Shirt | Bargain.pk,learn-from-mistakes-of-people-t-shirt,learn from mistakes of people,motivational,150
BMOT00030,Its ok If You Disagree Printed T-Shirt,400,1799,1099,Shop Its ok If You Disagree Printed T-Shirt | Bargain.pk,its-ok-if-you-disagree-t-shirt,its ok if you disagree I cant force you to be right,motivational,150
BMOT00031,Believe 100% Pure Cotton T-Shirt,400,1799,1099,Shop Believe 100% Pure Cotton T-Shirt | Bargain.pk,believe-t-shirt,believe ,motivational,150
BMOT00032,As Soon as You Sommit to Growth Printed T-Shirt,400,1799,1099,Shop As Soon as You Sommit to Growth Printed T-Shirt | Bargain.pk,as-soon-as-you-sommit-to-growth-t-shirt,as soon as you sommit to growth and change you will be tested be ready,motivational,150
BMOT00033,Be the Reason 100% Cotton T-Shirt,550,1999,1299,Shop Be the Reason 100% Cotton T-Shirt | Bargain.pk,be-the-reason-t-shirt,be the reason someone believes in the goodness of peopl,motivational,150
BMOT00034,I have Restless Soul Cotton T-Shirt,400,1799,1099,Shop I have Restless Soul Cotton T-Shirt | Bargain.pk,i-have-restless-soul-t-shirt,I have restless soul syndrome,motivational,150
BMOT00035,I Wish More People Pure Cotton T-Shirt,400,1799,1099,Shop I Wish More People Pure Cotton T-Shirt | Bargain.pk,i-wish-more-people-t-shirt,I wish more people were fluent in silence,motivational,150
BMOT00036,If you Expect Something in Retrun Printed T-Shirt,550,1999,1299,Shop If you Expect Something in Retrun Printed T-Shirt | Bargain.pk,if-you-expect-something-in-retrun-t-shirt,if you expect something in retrun for being a nice person you are not a nice person,motivational,150
BMOT00037,None are so Empty Printed T-Shirt,400,1799,1099,Shop None are so Empty Printed T-Shirt | Bargain.pk,none-are-so-empty-t-shirt,none are so empty as those who are full of themselves,motivational,150
BMOT00038,Say It Before you Run Cotton T-shirt,400,1799,1099,Shop Say It Before you Run Cotton T-shirt | Bargain.pk,say-it-before-you-run-t-shirt,say it before you run out of time say it before its to late ,motivational,150
BMOT00039,The Wrong People 100% Cotton T-Shirt,400,1799,1099,Shop The Wrong People 100% Cotton T-Shirt | Bargain.pk,the-wrong-people-t-shirt,the wrong people will always teach you the right lesson ,motivational,150
BMOV00001,Frankly my Dear I Don’t Give a Damn Printed T-Shirt,400,1799,1099,Shop Frankly my Dear I Don’t Give a Damn Printed T-Shirt | Bargain.pk,frankly-my-dear-i-don’t-give-a-damn-t-shirt,frankly my dear I don’t give a damn,movie,149
BMOV00002,Float Like a Butterfly Cotton T-Shirt,400,1799,1099,Shop Float Like a Butterfly Cotton T-Shirt | Bargain.pk,float-like-a-butterfly-t-shirt,float like a butterfly sting like a bee,movie,149
BMOV00003,Go Ahead Make my Day Printed T-Shirt,400,1799,1099,Shop Go Ahead Make my Day Printed T-Shirt | Bargain.pk,go-ahead-make-my-day-t-shirt,go ahead make my day,movie,149
BMOV00004,Here Looking at You Kid Printed T-Shirt,400,1799,1099,Shop Here Looking at You Kid Printed T-Shirt | Bargain.pk,here-looking-at-you-kid-t-shirt,here looking at you kid,movie,149
BMOV00005,Theres No Place Like Home Cotton T-Shirt,400,1799,1099,Shop Theres No Place Like Home Cotton T-Shirt | Bargain.pk,theres-no-place-like-home-t-shirt,theres no place like home,movie,149
BMOV00006,Im Gonna Make Him & Offer He Can Not Refuse,400,1799,1099,Shop I am Gonna Make Him & Offer He Can Not Refuse | Bargain.pk,im-gonna-make-him-&-offer-he-can-not-refuse,im gonna make him and offer he cannt refuse,movie,149
BMOV00007,May the Force be with You Printed T-Shirt,400,1799,1099,Shop May the Force be with You Printed T-Shirt | Bargain.pk,may-the-force-be-with-you-t-shirt,may the force be with you,movie,149
BMOV00008,Play It 100% Pure Cotton T-Shirt,400,1799,1099,Shop Play It 100% Pure Cotton T-Shirt Online | Bargain.pk,play-it-t-shirt,play it sam play as time goes on,movie,149
BMOV00009,Show Me the Money Printed T-Shirt,400,1799,1099,Shop Show Me the Money Printed T-Shirt | Bargain.pk,show-me-the-money-t-shirt,show me the money,movie,149
BMOV00010,You Talking to Me Cotton Printed T-Shirt,400,1799,1099,Shop You Talking to Me Cotton Printed T-Shirt | Bargain.pk,you-talking-to-me-t-shirt,you talking to me,movie,149
BQUO00001,There is no Shortcut Cotton Printed T-Shirt,400,1799,1099,Shop There is no Shortcut Cotton Printed T-Shirt Online | Bargain.pk,there-is-no-shortcut-t-shirt,there is no shortcut it takes time to build,quotes,150
BQUO00002,Today I will Do my Best Cotton T-Shirt,400,1799,1099,Shop Today I will Do my Best Cotton T-Shirt Online | Bargain.pk,today-i-will-do-my-best-t-shirt,today I will do my best,quotes,150
BQUO00003,We Enter & Leave this World Alone Pinted T-Shirt,400,1799,1099,Shop We Enter & Leave this World Alone Pinted T-Shirt | Bargain.pk,we-enter-&-leave-this-world-alone-t-shirt,we enter and leave this world alone,quotes,150
BQUO00004,When I was Little 100% Pure Cotton T-Shirt,400,1799,1099,Shop When I was Little 100% Pure Cotton T-Shirt | Bargain.pk,when-i-was-little-t-shirt,when I was little I never thought eyebrow would be this important,quotes,150
BQUO00005,You are Only one Decision Away Cotton T-shirt,400,1799,1099,Shop You are Only one Decision Away Cotton T-shirt | Bargain.pk,you-are-only-one-decision-away-t-shirt,you re only one decision away from a totally different life,quotes,150
BQUO00006,You Sometimes Think Printed T-Shirt,400,1799,1099,Shop You Sometimes Think Printed T-Shirt Online| Bargain.pk,you-sometimes-think-t-shirt,you sometimes think you want to disapper but all you really want is to be found,quotes,150
BQUO00007,Your Sparkle has not Gone Unnoticed Cotton T-Shirt,400,1799,1099,Shop Your Sparkle has not Gone Unnoticed Cotton T-Shirt | Bargain.pk,your-sparkle-has-not-gone-unnoticed-t-shirt,your sparkle has not gone unnoticed,quotes,150
