BBRO00001,Number 1 Brother Pure Cotton T-Shirt,400,1799,1099,Shop Number 1 Brother Pure Cotton T-Shirt | Bargain.pk,number-1-brother-t-shirt,no 1 brother,brother,255
BBRO00002,What The Best Brother Cotton T-Shirt,400,1799,1099,Shop What The Best Brother Cotton T-Shirt | Bargain.pk,what-the-best-brother-t-shirt,this is what the best brother ever look like,brother,255
BBRO00003,I love my brother Printed T-Shirt,400,1799,1099,Shop I love my brother Printed T-Shirt Online | Bargain.pk,i-love-my-brother-t-shirt,I love my brother,brother,255
BBRO00004,Bestest Brother Ever Printed T-Shirt,400,1799,1099,Shop Bestest Brother Ever Printed T-Shirt | Bargain.pk,bestest-brother-ever-t-shirt,bestest brother ever,brother,255
BBRO00005,Brothers! Printed T-Shirt,400,1799,1099,Shop Brothers! Printed T-Shirt Online | Bargain.pk,brothers!-t-shirt,brothers are what best friends can never be,brother,255
BBRO00006,There is no Buddy Like a Brother Printed T-Shirt,400,1799,1099,Shop There is no Buddy Like a Brother Printed T-Shirt | Bargain.pk,there-is-no-buddy-like-a-brother-t-shirt,there is no buddy like a brother,brother,255
BBRO00007,Brothers that Play Together Cotton T-Shirt ,400,1799,1099,Shop Brothers that Play Together Cotton T-Shirt | Bargain.pk,brothers-that-play-together-t-shirt-,brothers that play together stay together,brother,255
BDAD00001,Dad a Sons First Hero Cotton Printed T-Shirt,550,1999,1299,Shop Dad a Sons First Hero Cotton Printed T-Shirt | Bargain.pk,dad-a-sons-first-hero-t-shirt,dad a sons first hero a daughter first love,dad,252
BDAD00002,Best Dad Ever Pure Cotton T-Shirt,400,1799,1099,Shop Best Dad Ever Pure Cotton T-Shirt Online | Bargain.pk,best-dad-ever-t-shirt,best dad ever,dad,252
BDAD00003,Son's First Hero Dad Cotton Printed T-Shirt,550,1999,1299,Shop Son's First Hero Dad Cotton Printed T-Shirt | Bargain.pk,son's-first-hero-dad-t-shirt,a sons first hero dad a daughters first love,dad,252
BDAD00004,Behind Every Good Kid Printed T-Shirt,400,1799,1099,Shop Behind Every Good Kid Printed T-Shirt | Bargain.pk,behind-every-good-kid-t-shirt,behind every good kid is a great dad,dad,252
BDAD00005,Father's love Eternal Cotton T-Shirt,400,1799,1099,Shop Father's love Eternal Cotton T-Shirt Online | Bargain.pk,father's-love-eternal-t-shirt,a fathers love eternal,dad,252
BDAD00006,The Heart of a Father Cotton T-Shirt,400,1799,1099,Shop The Heart of a Father Cotton T-Shirt | Bargain.pk,the-heart-of-a-father-t-shirt,the heart of a father is a masterpiece,dad,252
BDAD00007,Dad 100% Pure Cotton T-Shirt,400,1799,1099,Shop Dad 100% Pure Cotton T-Shirt Online| Bargain.pk,dad-t-shirt,DAD,dad,252
BFRI00001,I want to be Pure Cotton Printed T-Shirt,400,1799,1099,Shop I want to be Pure Cotton Printed T-Shirt | Bargain.pk,i-want-to-be-t-shirt,I want to be with you till my last page,friendship,259
BFRI00002,If you Want Together Cotton T-Shirt,400,1799,1099,Shop If you Want Together Cotton T-Shirt | Bargain.pk,if-you-want-together-t-shirt,if you want together you have to get her,friendship,259
BFRI00003,I am not for Every One Cotton T-Shirt,400,1799,1099,Shop I am not for Every One Cotton T-Shirt | Bargain.pk,i-am-not-for-every-one-t-shirt,I m not for every one,friendship,259
BFRI00004,Loving You was like Going to War Printed T-Shirt,400,1799,1099,Shop Loving You was like Going to War Printed T-Shirt | Bargain.pk,loving-you-was-like-going-to-war-t-shirt,loving you was llke going to war I never comeback the same,friendship,259
BFRI00005,Out of Order 1005 Pure Cotton T-Shirt,400,1799,1099,Shop Out of Order 1005 Pure Cotton T-Shirt | Bargain.pk,out-of-order-1005-t-shirt,out of order,friendship,259
BFRI00006,Talking to You Makes My Day Cotton T-Shirt,400,1799,1099,Shop Talking to You Makes My Day Cotton T-Shirt | Bargain.pk,talking-to-you-makes-my-day-t-shirt,talking to you makes my day,friendship,259
BFRI00007,We are Like Parallel Lines Printed T-shirt,400,1799,1099,Shop We are Like Parallel Lines Printed T-shirt | Bargain.pk,we-are-like-parallel-lines-t-shirt,we are like parallel lines always close never together,friendship,259
BMOM00001,Amazing Loving Strong Printed T-Shirt,400,1799,1099,Shop Amazing Loving Strong Printed T-Shirt Online | Bargain.pk,amazing-loving-strong-t-shirt,amazing loving strong happy selfless gracefull,mom,254
BMOM00002,Life Doesn’t Come with a Manual Printed T-shirt,550,1999,1299,Shop Life Doesn’t Come with a Manual Printed T-shirt | Bargain.pk,life-doesn’t-come-with-a-manual-t-shirt,life doesn’t come with a manual it comes with a mother,mom,254
BMOM00003,Keep Calm & Hug Mom Cotton Printed T-Shirt,550,1999,1299,Shop Keep Calm & Hug Mom Cotton Printed T-Shirt | Bargain.pk,keep-calm-&-hug-mom-t-shirt,keep calm and hug mom,mom,254
BMOM00004,Super Mom Pure Cotton T-Shirt,400,1799,1099,Shop Super Mom Pure Cotton T-Shirt Online | Bargain.pk,super-mom-t-shirt,super mom,mom,254
BMOM00005,Motherhood all Love Printed T-Shirt,400,1799,1099,Shop Motherhood all Love Printed T-Shirt | Bargain.pk,motherhood-all-love-t-shirt,motherhood all love begins and ends here,mom,254
BMOM00006,I Love You Mom Cotton T-Shirt,400,1799,1099,Shop I Love You Mom Cotton T-Shirt  Online| Bargain.pk,i-love-you-mom-t-shirt,I love you mom,mom,254
BMOM00007,"Mother Understands Printed T-Shirt
",400,1799,1099,Shop Mother Understands Printed T-Shirt | Bargain.pk,"mother-understands-t-shirt
",a mother understand what a child does not say,mom,254
BMOM00008,She May be Quiet Pure Cotton T-Shirt,400,1799,1099,Shop She May be Quiet Pure Cotton T-Shirt Online | Bargain.pk,she-may-be-quiet-t-shirt,she may be quiet but shes a warrior,mom,254
