BSOC00009,Never Go Through Life Printed T-Shirt,400,1799,1099,Shop Never Go Through Life Printed T-Shirt | Bargain.pk,never-go-through-life-t-shirt,Never Go Through Life Without Goals,soccer,263
BSOC000010,Education is important Cotton T-Shirt,550,1999,1299,Shop Education is important Cotton T-Shirt Online | Bargain.pk,education-is-important-t-shirt,Education I simportant But Soccer Is Importantner,soccer,263
BSOC000011,What I Life 100% Cotton T-Shirt,400,1799,1099,Shop What I Life 100% Cotton T-Shirt Online | Bargain.pk,what-i-life-t-shirt,What I Life Without Goals,soccer,263
BSOC000012,JR Neymar Pure Cotton T-Shirt,400,1799,1099,Shop JR Neymar Pure Cotton T-Shirt | Bargain.pk,jr-neymar-t-shirt,JR Neymar,soccer,263
BSOC000013,CR7 Pure Cotton Printed T-Shirt,400,1799,1099,Shop CR7 Pure Cotton Printed T-Shirt | Bargain.pk,cr7-t-shirt,CR7,soccer,263
BSOC000014,Soccer 100% Pure Cotton T-Shirt,400,1799,1099,Shop Soccer 100% Pure Cotton T-Shirt Online| Bargain.pk,soccer-t-shirt,Soccer,soccer,263
BSOC000015,Things are About to Get Printed T-Shirt,400,1799,1099,Shop Things are About to Get Printed T-Shirt | Bargain.pk,things-are-about-to-get-t-shirt,Things Are About to Get a Bit Messi,soccer,263
BSOC000016,Messi 10 Pure Cotton T-Shirt,400,1799,1099,Shop Messi 10 Pure Cotton T-Shirt Online | Bargain.pk,messi-10-t-shirt,10 Messi,soccer,263
BSOC000017,Germany Cotton Printed T-Shirt ,400,1799,1099,Shop Germany Cotton Printed T-Shirt | Bargain.pk,germany-t-shirt,Germany,soccer,263
BSOC000018,CR 7 Cotton Printed T-Shirt,400,1799,1099,Shop CR 7 Cotton Printed T-Shirt Online | Bargain.pk,cr-7-t-shirt,CR7,soccer,263
BSOC000019,Messi 10 Cotton Fabric T-Shirt,400,1799,1099,Shop Messi 10 Cotton Fabric T-Shirt | Bargain.pk,messi-10-fabric-t-shirt,Messi 10,soccer,263
BSOC000020,Messi 100% Pure Cotton T-Shirt,400,1799,1099,Shop Messi 100% Pure Cotton T-Shirt Online | Bargain.pk,messi-t-shirt,Messi,soccer,263
BSOC000021,OK But First Soccer Printed T-Shirt,400,1799,1099,Shop OK But First Soccer Printed T-Shirt | Bargain.pk,ok-but-first-soccer-t-shirt,OK But First Soccer,soccer,263
