BJUS00001,Equality of Opporunity Cotton T-Shirt,400,1099,1799,Shop Equality of Opporunity Cotton T-Shirt Online | Bargain.pk,equality-of-opporunity-t-shirt,Equality of Opporunity Is the Essence of Social Justice,social-justice,151
BJUS00002,Hope will Never Be Silent Printed T-Shirt,400,1099,1799,Shop Hope will Never Be Silent Printed T-Shirt | Bargain.pk,hope-will-never-be-silent-t-shirt,Hope will Never Be Silent,social-justice,151
BJUS00003,There are no Office Hours Cotton T-Shirt,550,1299,1999,Shop There are no Office Hours Cotton T-Shirt | Bargain.pk,there-are-no-office-hours-t-shirt,There are no Office Hours for Leaders,social-justice,151
BJUS00004,Means NQ Pure Cotton Printed T-Shirt,400,1099,1799,Shop Means NQ Pure Cotton Printed T-Shirt Online | Bargain.pk,means-nq-t-shirt,Means NQ,social-justice,151
BJUS00005,Be a Voice not an Echo Printed T-Shirt,400,1099,1799,Shop Be a Voice not an Echo Printed T-Shirt | Bargain.pk,be-a-voice-not-an-echo-t-shirt,Be a Voice not an Echo,social-justice,151
BJUS00006,If you Want Peace Work for Justice Printed T-Shirt,400,1099,1799,Shop If you Want Peace Work for Justice Printed T-Shirt | Bargain.pk,if-you-want-peace-work-for-justice-t-shirt,If you Want Peace Work for Justice,social-justice,151
BJUS00007,We all can Do It Cotton T-Shirt,400,1099,1799,Shop We all can Do It Cotton T-Shirt Online | Bargain.pk,we-all-can-do-it-t-shirt,We all can Do It,social-justice,151
BJUS00008,Equal Rights for all the Types Printed T-Shirt,400,1099,1799,Shop Equal Rights for all the Types Printed T-Shirt | Bargain.pk,equal-rights-for-all-the-types-t-shirt,Equal Rights for all the Types,social-justice,151
BJUS00009,Education Justice & Democracy Cotton T-Shirt,400,1099,1799,Shop Education Justice & Democracy Cotton T-Shirt | Bargain.pk,education-justice-&-democracy-t-shirt,Education Justice & Democracy,social-justice,151
BJUS000010,No Peace No Justice Printed T-Shirt,400,1099,1799,Shop No Peace No Justice Printed T-Shirt Online | Bargain.pk,no-peace-no-justice-t-shirt,No Peace No Justice,social-justice,151
BJUS000011,Expect the Best Prepare for the Worst Cotton T-Shirt,550,1299,1999,Shop Expect the Best Prepare for the Worst Cotton T-Shirt | Bargain.pk,expect-the-best-prepare-for-the-worst-t-shirt,Expect the Best Prepare for the Worst,social-justice,151
BJUS000012,Don’t Make Hate Legal Pure Cotton T-Shirt,400,1099,1799,Shop Don’t Make Hate Legal Pure Cotton T-Shirt Online | Bargain.pk,don’t-make-hate-legal-t-shirt,Don’t Make Hate Legal,social-justice,151
BJUS000013,The Idea That Some Lives Printed T-Shirt,550,1299,1999,Shop The Idea That Some Lives Printed T-Shirt | Bargain.pk,the-idea-that-some-lives-t-shirt,The Idea That Some Lives Matter Less Is the Root of All That is Wrong With the World,social-justice,151
BJUS000014,Stand Up for What Is Right Cotton T-Shirt,400,1099,1799,Shop Stand Up for What Is Right Cotton T-Shirt | Bargain.pk,stand-up-for-what-is-right-t-shirt,Stand Up For What Is Right Even If You Are Standing Alone,social-justice,151
