BBAS00001,Basketball Champion Cotton T-Shirt,400,1799,1099,Shop Basketball Champion Cotton T-Shirt | Bargain.pk,basketball-champion-t-shirt,basketball champion,basketball,183
BBAS00002,Basketball Champion 2 Pure Cotton T-Shirt,400,1799,1099,Shop Basketball Champion 2 Pure Cotton T-Shirt | Bargain.pk,basketball-champion-2-t-shirt,basketball champion 2,basketball,183
BBAS00003,Stars Basketball Pure Cotton Printed T-Shirt,400,1799,1099,Shop Stars Basketball Pure Cotton Printed T-Shirt | Bargain.pk,stars-basketball-t-shirt,stars basketball,basketball,183
BCRI00001,Cricket I Like It I Love It Pure Cotton T-Shirt,400,1799,1099,Shop Cricket I Like It I Love It Pure Cotton T-Shirt | Bargain.pk,cricket-i-like-it-i-love-it-t-shirt,cricket I like it I love it,cricket,178
BCRI00002,World Series Pure Cotton Printed T-Shirt,400,1799,1099,Shop World Series Pure Cotton Printed T-Shirt | Bargain.pk,world-series-t-shirt,world series,cricket,178
BCRI00003,Cricket 100% Pure Cotton T-Shirt,400,1799,1099,Shop Cricket 100% Pure Cotton T-Shirt | Bargain.pk,cricket-t-shirt,cricket ,cricket,178
BCRI00004,Its Just Not Cricket Pure Cotton T-Shirt,400,1799,1099,Shop Its Just Not Cricket Pure Cotton T-Shirt | Bargain.pk,its-just-not-cricket-t-shirt,its just not cricket,cricket,178
BCRI00005,Summer Is Cricket Pure Cotton T-Shirt,400,1799,1099,Shop Summer Is Cricket Pure Cotton T-Shirt | Bargain.pk,summer-is-cricket-t-shirt,summer is cricket,cricket,178
BCRI00006,Cricket 100% Pure Cotton T-Shirt,400,1799,1099,Shop Cricket 100% Pure Cotton T-Shirt | Bargain.pk,cricket-t-shirt,cricket 2,cricket,178
BCRI00007,Cricket Ball Pure Cotton T-Shirt,400,1799,1099,Shop Cricket Ball Pure Cotton T-Shirt | Bargain.pk,cricket-ball-t-shirt,cricket ball,cricket,178
BCRI00008,Champion 100% Pure Cotton Printed T-Shirt,400,1799,1099,Shop Champion 100% Pure Cotton Printed T-Shirt | Bargain.pk,champion-t-shirt,champion,cricket,178
BCRI00009,Cricket 100% Pure Cotton T-Shirt,400,1799,1099,Shop Cricket 100% Pure Cotton T-Shirt | Bargain.pk,cricket-t-shirt,cricket,cricket,178
BCRI00010,Cricket Club Pure Cotton T-Shirt,400,1799,1099,Shop Cricket Club Pure Cotton T-Shirt | Bargain.pk,cricket-club-t-shirt,cricket club,cricket,178
BSOC00001,Eat Sleep Soccer Repeat Pure Cotton T-Shirt,550,1999,1299,Shop Eat Sleep Soccer Repeat Pure Cotton T-Shirt | Bargain.pk,eat-sleep-soccer-repeat-t-shirt,eat sleep soccer repeat,soccer,263
BSOC00002,Soccer 100% Pure Cotton T-Shirt,400,1799,1099,Shop Soccer 100% Pure Cotton T-Shirt | Bargain.pk,soccer-t-shirt,soccer,soccer,263
BSOC00003,Soccer Ball Pure Cotton T-Shirt,400,1799,1099,Shop Soccer Ball Pure Cotton T-Shirt | Bargain.pk,soccer-ball-t-shirt,soccer ball,soccer,263
BSOC00004,Straight Outta Soccer Practise Pure Cotton T-Shirt,400,1799,1099,Shop Straight Outta Soccer Practise Pure Cotton T-Shirt | Bargain.pk,straight-outta-soccer-practise-t-shirt,straight outta soccer practise,soccer,263
BSOC00005,Keep Calm And Let Neymar Handle It Pure Cotton T-Shirt,400,1799,1099,Shop Keep Calm & Let Neymar Handle Printed T-Shirt | Bargain.pk,keep-calm-and-let-neymar-handle-it-t-shirt,keep calm and let neymar handle it,soccer,263
BSOC00006,No Zlatan No Party Pure Cotton T-Shirt,400,1799,1099,Shop No Zlatan No Party Pure Cotton T-Shirt | Bargain.pk,no-zlatan-no-party-t-shirt,no zlatan no party,soccer,263
BSOC00007,10 Messi Cotton Printed T-Shirt,400,1799,1099,Shop 10 Messi Cotton Printed T-Shirt | Bargain.pk,10 messi-t-shirt,10 messi,soccer,263
BSOC00008,Messi 100% Pure Cotton T-Shirt,400,1799,1099,Shop Messi 100% Pure Cotton T-Shirt Online | Bargain.pk,messi-t-shirt,messi,soccer,263
